,colummn
0,project
1,gutenberg
2,ebook
3,alice
4,adventures
5,wonderland
6,lewis
7,carroll
8,cdata
9,xml
10,blockout
11,p
12,margin
13,top
14,75em
15,text
16,align
17,justify
18,margin
19,bottom
20,75em
21,h1
22,h2
23,h4
24,h5
25,h6
26,text
27,align
28,center
29,headings
30,centered
31,clear
32,h3
33,text
34,decoration
35,underline
36,text
37,align
38,center
39,clear
40,hr
41,width
42,33
43,margin
44,top
45,2em
46,margin
47,bottom
48,2em
49,margin
50,left
51,auto
52,margin
53,right
54,auto
55,clear
56,body
57,margin
58,left
59,10
60,margin
61,right
62,10
63,img
64,border
65,style
66,none
67,pagenum
68,uncomment
69,next
70,line
71,invisible
72,page
73,numbers
74,visibility
75,hidden
76,position
77,absolute
78,left
79,92
80,font
81,size
82,smaller
83,text
84,align
85,right
86,page
87,numbers
88,center
89,text
90,align
91,center
92,caption
93,font
94,weight
95,bold
96,text
97,align
98,center
99,margin
100,bottom
101,2em
102,figcenter
103,margin
104,auto
105,text
106,align
107,center
108,margin
109,top
110,2em
111,figleft
112,float
113,left
114,clear
115,left
116,margin
117,left
118,0
119,margin
120,bottom
121,0
122,margin
123,top
124,0
125,margin
126,right
127,0
128,padding
129,0
130,text
131,align
132,center
133,figright
134,float
135,right
136,clear
137,right
138,margin
139,left
140,0
141,margin
142,bottom
143,0
144,margin
145,top
146,0
147,margin
148,right
149,0
150,padding
151,0
152,text
153,align
154,center
155,poem
156,margin
157,left
158,10
159,margin
160,right
161,10
162,text
163,align
164,left
165,poem
166,br
167,display
168,none
169,poem
170,stanza
171,margin
172,1em
173,0em
174,1em
175,0em
176,poem
177,span
178,i0
179,display
180,block
181,margin
182,left
183,0em
184,padding
185,left
186,3em
187,text
188,indent
189,3em
190,poem
191,span
192,i2
193,display
194,block
195,margin
196,left
197,2em
198,padding
199,left
200,3em
201,text
202,indent
203,3em
204,poem
205,span
206,i4
207,display
208,block
209,margin
210,left
211,4em
212,padding
213,left
214,3em
215,text
216,indent
217,3em
218,poem
219,span
220,i1
221,display
222,block
223,margin
224,left
225,1em
226,padding
227,left
228,3em
229,text
230,indent
231,3em
232,poem
233,span
234,i10
235,display
236,block
237,margin
238,left
239,10em
240,padding
241,left
242,3em
243,text
244,indent
245,3em
246,poem
247,span
248,i11
249,display
250,block
251,margin
252,left
253,11em
254,padding
255,left
256,3em
257,text
258,indent
259,3em
260,poem
261,span
262,i12
263,display
264,block
265,margin
266,left
267,12em
268,padding
269,left
270,3em
271,text
272,indent
273,3em
274,poem
275,span
276,i13
277,display
278,block
279,margin
280,left
281,13em
282,padding
283,left
284,3em
285,text
286,indent
287,3em
288,poem
289,span
290,i14
291,display
292,block
293,margin
294,left
295,14em
296,padding
297,left
298,3em
299,text
300,indent
301,3em
302,poem
303,span
304,i15
305,display
306,block
307,margin
308,left
309,15em
310,padding
311,left
312,3em
313,text
314,indent
315,3em
316,poem
317,span
318,i3
319,display
320,block
321,margin
322,left
323,3em
324,padding
325,left
326,3em
327,text
328,indent
329,3em
330,poem
331,span
332,i5
333,display
334,block
335,margin
336,left
337,5em
338,padding
339,left
340,3em
341,text
342,indent
343,3em
344,poem
345,span
346,i6
347,display
348,block
349,margin
350,left
351,6em
352,padding
353,left
354,3em
355,text
356,indent
357,3em
358,poem
359,span
360,i7
361,display
362,block
363,margin
364,left
365,7em
366,padding
367,left
368,3em
369,text
370,indent
371,3em
372,poem
373,span
374,i8
375,display
376,block
377,margin
378,left
379,8em
380,padding
381,left
382,3em
383,text
384,indent
385,3em
386,poem
387,span
388,i9
389,display
390,block
391,margin
392,left
393,9em
394,padding
395,left
396,3em
397,text
398,indent
399,3em
400,xml
401,end
402,project
403,gutenberg
404,ebook
405,alice
406,wonderland
407,lewis
408,carroll
409,ebook
410,use
411,anyone
412,anywhere
413,cost
414,almost
415,restrictions
416,whatsoever
417,may
418,copy
419,give
420,away
421,use
422,terms
423,project
424,gutenberg
425,license
426,included
427,ebook
428,online
429,www
430,gutenberg
431,org
432,title
433,alice
434,wonderland
435,author
436,lewis
437,carroll
438,illustrator
439,gordon
440,robinson
441,release
442,date
443,august
444,12
445,2006
446,ebook
447,19033
448,language
449,english
450,character
451,set
452,encoding
453,iso
454,8859
455,1
456,start
457,project
458,gutenberg
459,ebook
460,alice
461,wonderland
462,produced
463,jason
464,isbell
465,irma
466,spehar
467,online
468,distributed
469,proofreading
470,team
471,http
472,www
473,pgdp
474,net
475,storyland
476,series
477,pg
478,1
479,alice
480,adventures
481,wonderland
482,pg
483,2
484,sam
485,l
486,gabriel
487,sons
488,company
489,new
490,york
491,pg
492,3
493,copyright
494,1916
495,sam
496,l
497,gabriel
498,sons
499,company
500,new
501,york
502,alice
503,room
504,duchess
505,alice
506,adventures
507,wonderland
508,rabbit
509,hole
510,alice
511,beginning
512,get
513,tired
514,sitting
515,sister
516,bank
517,nothing
518,twice
519,peeped
520,book
521,sister
522,reading
523,pictures
524,conversations
525,use
526,book
527,thought
528,alice
529,without
530,pictures
531,conversations
532,considering
533,mind
534,well
535,could
536,day
537,made
538,feel
539,sleepy
540,stupid
541,whether
542,pleasure
543,making
544,daisy
545,chain
546,would
547,worth
548,trouble
549,getting
550,picking
551,daisies
552,suddenly
553,white
554,rabbit
555,pink
556,eyes
557,ran
558,close
559,nothing
560,remarkable
561,alice
562,think
563,pg
564,4
565,much
566,way
567,hear
568,rabbit
569,say
570,oh
571,dear
572,oh
573,dear
574,shall
575,late
576,rabbit
577,actually
578,took
579,watch
580,waistcoat
581,pocket
582,looked
583,hurried
584,alice
585,started
586,feet
587,flashed
588,across
589,mind
590,never
591,seen
592,rabbit
593,either
594,waistcoat
595,pocket
596,watch
597,take
598,burning
599,curiosity
600,ran
601,across
602,field
603,time
604,see
605,pop
606,large
607,rabbit
608,hole
609,hedge
610,another
611,moment
612,went
613,alice
614,rabbit
615,hole
616,went
617,straight
618,like
619,tunnel
620,way
621,dipped
622,suddenly
623,suddenly
624,alice
625,moment
626,think
627,stopping
628,found
629,falling
630,seemed
631,deep
632,well
633,either
634,well
635,deep
636,fell
637,slowly
638,plenty
639,time
640,went
641,look
642,first
643,tried
644,make
645,coming
646,dark
647,see
648,anything
649,looked
650,sides
651,well
652,noticed
653,filled
654,cupboards
655,book
656,shelves
657,saw
658,maps
659,pg
660,5
661,pictures
662,hung
663,upon
664,pegs
665,took
666,jar
667,one
668,shelves
669,passed
670,labeled
671,orange
672,marmalade
673,great
674,disappointment
675,empty
676,like
677,drop
678,jar
679,managed
680,put
681,one
682,cupboards
683,fell
684,past
685,would
686,fall
687,never
688,come
689,end
690,nothing
691,else
692,alice
693,soon
694,began
695,talking
696,dinah
697,miss
698,much
699,night
700,think
701,dinah
702,cat
703,hope
704,remember
705,saucer
706,milk
707,tea
708,time
709,dinah
710,dear
711,wish
712,alice
713,felt
714,dozing
715,suddenly
716,thump
717,thump
718,came
719,upon
720,heap
721,sticks
722,dry
723,leaves
724,fall
725,alice
726,bit
727,hurt
728,jumped
729,moment
730,looked
731,dark
732,overhead
733,another
734,long
735,passage
736,white
737,rabbit
738,still
739,sight
740,hurrying
741,moment
742,lost
743,away
744,went
745,alice
746,like
747,wind
748,time
749,hear
750,say
751,turned
752,corner
753,oh
754,ears
755,whiskers
756,late
757,getting
758,close
759,behind
760,turned
761,corner
762,rabbit
763,longer
764,seen
765,found
766,long
767,low
768,hall
769,lit
770,row
771,lamps
772,hanging
773,roof
774,doors
775,round
776,hall
777,locked
778,alice
779,way
780,one
781,side
782,trying
783,every
784,door
785,walked
786,sadly
787,middle
788,pg
789,6
790,wondering
791,ever
792,get
793,suddenly
794,came
795,upon
796,little
797,table
798,made
799,solid
800,glass
801,nothing
802,tiny
803,golden
804,key
805,alice
806,first
807,idea
808,might
809,belong
810,one
811,doors
812,hall
813,alas
814,either
815,locks
816,large
817,key
818,small
819,rate
820,would
821,open
822,however
823,second
824,time
825,round
826,came
827,upon
828,low
829,curtain
830,noticed
831,behind
832,little
833,door
834,fifteen
835,inches
836,high
837,tried
838,little
839,golden
840,key
841,lock
842,great
843,delight
844,fitted
845,alice
846,opened
847,door
848,found
849,led
850,small
851,passage
852,much
853,larger
854,rat
855,hole
856,knelt
857,looked
858,along
859,passage
860,loveliest
861,garden
862,ever
863,saw
864,longed
865,get
866,dark
867,hall
868,wander
869,among
870,beds
871,bright
872,flowers
873,cool
874,fountains
875,could
876,even
877,get
878,head
879,doorway
880,oh
881,said
882,alice
883,wish
884,could
885,shut
886,like
887,telescope
888,think
889,could
890,knew
891,begin
892,alice
893,went
894,back
895,table
896,half
897,hoping
898,might
899,find
900,another
901,key
902,rate
903,book
904,rules
905,shutting
906,people
907,like
908,telescopes
909,time
910,pg
911,7
912,found
913,little
914,bottle
915,certainly
916,said
917,alice
918,tied
919,round
920,neck
921,bottle
922,paper
923,label
924,words
925,drink
926,beautifully
927,printed
928,large
929,letters
930,look
931,first
932,said
933,see
934,whether
935,marked
936,poison
937,never
938,forgotten
939,drink
940,bottle
941,marked
942,poison
943,almost
944,certain
945,disagree
946,sooner
947,later
948,however
949,bottle
950,marked
951,poison
952,alice
953,ventured
954,taste
955,finding
956,nice
957,sort
958,mixed
959,flavor
960,cherry
961,tart
962,custard
963,pineapple
964,roast
965,turkey
966,toffy
967,hot
968,buttered
969,toast
970,soon
971,finished
972,curious
973,feeling
974,said
975,alice
976,must
977,shutting
978,like
979,telescope
980,indeed
981,ten
982,inches
983,high
984,face
985,brightened
986,thought
987,right
988,size
989,going
990,little
991,door
992,lovely
993,garden
994,awhile
995,finding
996,nothing
997,happened
998,decided
999,going
1000,garden
1001,alas
1002,poor
1003,alice
1004,got
1005,door
1006,found
1007,forgotten
1008,little
1009,golden
1010,key
1011,went
1012,back
1013,table
1014,found
1015,could
1016,possibly
1017,reach
1018,could
1019,see
1020,quite
1021,plainly
1022,glass
1023,tried
1024,best
1025,climb
1026,one
1027,legs
1028,table
1029,slippery
1030,tired
1031,trying
1032,poor
1033,little
1034,thing
1035,sat
1036,cried
1037,come
1038,use
1039,crying
1040,like
1041,said
1042,alice
1043,rather
1044,sharply
1045,advise
1046,pg
1047,8
1048,leave
1049,minute
1050,generally
1051,gave
1052,good
1053,advice
1054,though
1055,seldom
1056,followed
1057,sometimes
1058,scolded
1059,severely
1060,bring
1061,tears
1062,eyes
1063,soon
1064,eye
1065,fell
1066,little
1067,glass
1068,box
1069,lying
1070,table
1071,opened
1072,found
1073,small
1074,cake
1075,words
1076,eat
1077,beautifully
1078,marked
1079,currants
1080,well
1081,eat
1082,said
1083,alice
1084,makes
1085,grow
1086,larger
1087,reach
1088,key
1089,makes
1090,grow
1091,smaller
1092,creep
1093,door
1094,either
1095,way
1096,get
1097,garden
1098,care
1099,happens
1100,ate
1101,little
1102,bit
1103,said
1104,anxiously
1105,way
1106,way
1107,holding
1108,hand
1109,top
1110,head
1111,feel
1112,way
1113,growing
1114,quite
1115,surprised
1116,find
1117,remained
1118,size
1119,set
1120,work
1121,soon
1122,finished
1123,cake
1124,pg
1125,9
1126,ii
1127,pool
1128,tears
1129,curiouser
1130,curiouser
1131,cried
1132,alice
1133,much
1134,surprised
1135,moment
1136,quite
1137,forgot
1138,speak
1139,good
1140,english
1141,opening
1142,like
1143,largest
1144,telescope
1145,ever
1146,good
1147,feet
1148,oh
1149,poor
1150,little
1151,feet
1152,wonder
1153,put
1154,shoes
1155,stockings
1156,dears
1157,shall
1158,great
1159,deal
1160,far
1161,trouble
1162,moment
1163,head
1164,struck
1165,roof
1166,hall
1167,fact
1168,rather
1169,nine
1170,feet
1171,high
1172,took
1173,little
1174,golden
1175,key
1176,hurried
1177,garden
1178,door
1179,poor
1180,alice
1181,much
1182,could
1183,lying
1184,one
1185,side
1186,look
1187,garden
1188,one
1189,eye
1190,get
1191,hopeless
1192,ever
1193,sat
1194,began
1195,cry
1196,went
1197,shedding
1198,gallons
1199,tears
1200,large
1201,pool
1202,round
1203,reaching
1204,half
1205,hall
1206,time
1207,heard
1208,little
1209,pattering
1210,feet
1211,distance
1212,hastily
1213,dried
1214,eyes
1215,see
1216,coming
1217,white
1218,rabbit
1219,returning
1220,splendidly
1221,dressed
1222,pair
1223,white
1224,kid
1225,gloves
1226,one
1227,hand
1228,large
1229,fan
1230,pg
1231,10
1232,came
1233,trotting
1234,along
1235,great
1236,hurry
1237,muttering
1238,oh
1239,duchess
1240,duchess
1241,oh
1242,savage
1243,kept
1244,waiting
1245,rabbit
1246,came
1247,near
1248,alice
1249,began
1250,low
1251,timid
1252,voice
1253,please
1254,sir
1255,rabbit
1256,started
1257,violently
1258,dropped
1259,white
1260,kid
1261,gloves
1262,fan
1263,skurried
1264,away
1265,darkness
1266,hard
1267,could
1268,go
1269,alice
1270,took
1271,fan
1272,gloves
1273,kept
1274,fanning
1275,time
1276,went
1277,talking
1278,dear
1279,dear
1280,queer
1281,everything
1282,day
1283,yesterday
1284,things
1285,went
1286,usual
1287,got
1288,morning
1289,next
1290,question
1291,world
1292,ah
1293,great
1294,puzzle
1295,said
1296,looked
1297,hands
1298,surprised
1299,see
1300,put
1301,one
1302,rabbit
1303,little
1304,white
1305,kid
1306,gloves
1307,talking
1308,done
1309,thought
1310,must
1311,growing
1312,small
1313,got
1314,went
1315,table
1316,measure
1317,found
1318,two
1319,feet
1320,high
1321,going
1322,pg
1323,11
1324,shrinking
1325,rapidly
1326,soon
1327,found
1328,cause
1329,fan
1330,holding
1331,dropped
1332,hastily
1333,time
1334,save
1335,shrinking
1336,away
1337,altogether
1338,narrow
1339,escape
1340,said
1341,alice
1342,good
1343,deal
1344,frightened
1345,sudden
1346,change
1347,glad
1348,find
1349,still
1350,existence
1351,garden
1352,ran
1353,speed
1354,back
1355,little
1356,door
1357,alas
1358,little
1359,door
1360,shut
1361,little
1362,golden
1363,key
1364,lying
1365,glass
1366,table
1367,things
1368,worse
1369,ever
1370,thought
1371,poor
1372,child
1373,never
1374,small
1375,never
1376,said
1377,words
1378,foot
1379,slipped
1380,another
1381,moment
1382,splash
1383,chin
1384,salt
1385,water
1386,first
1387,idea
1388,somehow
1389,fallen
1390,sea
1391,however
1392,soon
1393,made
1394,pool
1395,tears
1396,wept
1397,nine
1398,feet
1399,high
1400,heard
1401,something
1402,splashing
1403,pool
1404,little
1405,way
1406,swam
1407,nearer
1408,see
1409,soon
1410,made
1411,mouse
1412,slipped
1413,like
1414,pg
1415,12
1416,would
1417,use
1418,thought
1419,alice
1420,speak
1421,mouse
1422,everything
1423,way
1424,think
1425,likely
1426,talk
1427,rate
1428,harm
1429,trying
1430,began
1431,mouse
1432,know
1433,way
1434,pool
1435,tired
1436,swimming
1437,mouse
1438,mouse
1439,looked
1440,rather
1441,inquisitively
1442,seemed
1443,wink
1444,one
1445,little
1446,eyes
1447,said
1448,nothing
1449,perhaps
1450,understand
1451,english
1452,thought
1453,alice
1454,dare
1455,say
1456,french
1457,mouse
1458,come
1459,william
1460,conqueror
1461,began
1462,o√π
1463,est
1464,chatte
1465,first
1466,sentence
1467,french
1468,lesson
1469,book
1470,mouse
1471,gave
1472,sudden
1473,leap
1474,water
1475,seemed
1476,quiver
1477,fright
1478,oh
1479,beg
1480,pardon
1481,cried
1482,alice
1483,hastily
1484,afraid
1485,hurt
1486,poor
1487,animal
1488,feelings
1489,quite
1490,forgot
1491,like
1492,cats
1493,like
1494,cats
1495,cried
1496,mouse
1497,shrill
1498,passionate
1499,voice
1500,would
1501,like
1502,cats
1503,well
1504,perhaps
1505,said
1506,alice
1507,soothing
1508,tone
1509,angry
1510,yet
1511,wish
1512,could
1513,show
1514,cat
1515,dinah
1516,think
1517,take
1518,fancy
1519,cats
1520,could
1521,see
1522,dear
1523,quiet
1524,thing
1525,mouse
1526,bristling
1527,felt
1528,certain
1529,must
1530,really
1531,offended
1532,talk
1533,rather
1534,indeed
1535,cried
1536,mouse
1537,trembling
1538,end
1539,tail
1540,would
1541,talk
1542,subject
1543,family
1544,always
1545,hated
1546,cats
1547,pg
1548,13
1549,nasty
1550,low
1551,vulgar
1552,things
1553,let
1554,hear
1555,name
1556,alice
1557,mad
1558,tea
1559,party
1560,indeed
1561,said
1562,alice
1563,great
1564,hurry
1565,change
1566,subject
1567,conversation
1568,fond
1569,dogs
1570,nice
1571,little
1572,dog
1573,near
1574,house
1575,like
1576,show
1577,kills
1578,rats
1579,oh
1580,dear
1581,cried
1582,alice
1583,sorrowful
1584,tone
1585,afraid
1586,offended
1587,mouse
1588,swimming
1589,away
1590,hard
1591,could
1592,go
1593,making
1594,quite
1595,commotion
1596,pool
1597,went
1598,called
1599,softly
1600,mouse
1601,dear
1602,come
1603,back
1604,talk
1605,cats
1606,dogs
1607,either
1608,like
1609,mouse
1610,heard
1611,turned
1612,round
1613,swam
1614,slowly
1615,back
1616,face
1617,quite
1618,pale
1619,said
1620,low
1621,trembling
1622,voice
1623,let
1624,us
1625,get
1626,shore
1627,tell
1628,history
1629,understand
1630,hate
1631,cats
1632,dogs
1633,high
1634,time
1635,go
1636,pool
1637,getting
1638,quite
1639,crowded
1640,birds
1641,animals
1642,fallen
1643,duck
1644,dodo
1645,lory
1646,eaglet
1647,several
1648,curious
1649,creatures
1650,alice
1651,led
1652,way
1653,whole
1654,party
1655,swam
1656,shore
1657,pg
1658,14
1659,iii
1660,caucus
1661,race
1662,long
1663,tale
1664,indeed
1665,queer
1666,looking
1667,party
1668,assembled
1669,bank
1670,birds
1671,draggled
1672,feathers
1673,animals
1674,fur
1675,clinging
1676,close
1677,dripping
1678,wet
1679,cross
1680,uncomfortable
1681,first
1682,question
1683,course
1684,get
1685,dry
1686,consultation
1687,minutes
1688,seemed
1689,quite
1690,natural
1691,alice
1692,find
1693,talking
1694,familiarly
1695,known
1696,life
1697,last
1698,mouse
1699,seemed
1700,person
1701,pg
1702,15
1703,authority
1704,among
1705,called
1706,sit
1707,listen
1708,soon
1709,make
1710,dry
1711,enough
1712,sat
1713,large
1714,ring
1715,mouse
1716,middle
1717,ahem
1718,said
1719,mouse
1720,important
1721,air
1722,ready
1723,driest
1724,thing
1725,know
1726,silence
1727,round
1728,please
1729,william
1730,conqueror
1731,whose
1732,cause
1733,favored
1734,pope
1735,soon
1736,submitted
1737,english
1738,wanted
1739,leaders
1740,late
1741,much
1742,accustomed
1743,usurpation
1744,conquest
1745,edwin
1746,morcar
1747,earls
1748,mercia
1749,northumbria
1750,ugh
1751,said
1752,lory
1753,shiver
1754,even
1755,stigand
1756,patriotic
1757,archbishop
1758,canterbury
1759,found
1760,advisable
1761,found
1762,said
1763,duck
1764,found
1765,mouse
1766,replied
1767,rather
1768,crossly
1769,course
1770,know
1771,means
1772,know
1773,means
1774,well
1775,enough
1776,find
1777,thing
1778,said
1779,duck
1780,generally
1781,frog
1782,worm
1783,question
1784,archbishop
1785,find
1786,mouse
1787,notice
1788,question
1789,hurriedly
1790,went
1791,found
1792,advisable
1793,go
1794,edgar
1795,atheling
1796,meet
1797,william
1798,offer
1799,crown
1800,getting
1801,dear
1802,continued
1803,turning
1804,alice
1805,spoke
1806,wet
1807,ever
1808,said
1809,alice
1810,melancholy
1811,tone
1812,seem
1813,dry
1814,case
1815,said
1816,dodo
1817,solemnly
1818,rising
1819,feet
1820,move
1821,meeting
1822,adjourn
1823,immediate
1824,adoption
1825,energetic
1826,remedies
1827,pg
1828,16
1829,speak
1830,english
1831,said
1832,eaglet
1833,know
1834,meaning
1835,half
1836,long
1837,words
1838,believe
1839,either
1840,going
1841,say
1842,said
1843,dodo
1844,offended
1845,tone
1846,best
1847,thing
1848,get
1849,us
1850,dry
1851,would
1852,caucus
1853,race
1854,caucus
1855,race
1856,said
1857,alice
1858,said
1859,dodo
1860,best
1861,way
1862,explain
1863,first
1864,marked
1865,race
1866,course
1867,sort
1868,circle
1869,party
1870,placed
1871,along
1872,course
1873,one
1874,two
1875,three
1876,away
1877,began
1878,running
1879,liked
1880,left
1881,liked
1882,easy
1883,know
1884,race
1885,however
1886,running
1887,half
1888,hour
1889,quite
1890,dry
1891,dodo
1892,suddenly
1893,called
1894,race
1895,crowded
1896,round
1897,panting
1898,asking
1899,pg
1900,17
1901,question
1902,dodo
1903,could
1904,answer
1905,without
1906,great
1907,deal
1908,thought
1909,last
1910,said
1911,everybody
1912,must
1913,prizes
1914,give
1915,prizes
1916,quite
1917,chorus
1918,voices
1919,asked
1920,course
1921,said
1922,dodo
1923,pointing
1924,alice
1925,one
1926,finger
1927,whole
1928,party
1929,crowded
1930,round
1931,calling
1932,confused
1933,way
1934,prizes
1935,prizes
1936,alice
1937,idea
1938,despair
1939,put
1940,hand
1941,pocket
1942,pulled
1943,box
1944,comfits
1945,luckily
1946,salt
1947,water
1948,got
1949,handed
1950,round
1951,prizes
1952,exactly
1953,one
1954,piece
1955,round
1956,next
1957,thing
1958,eat
1959,comfits
1960,caused
1961,noise
1962,confusion
1963,large
1964,birds
1965,complained
1966,could
1967,taste
1968,small
1969,ones
1970,choked
1971,patted
1972,back
1973,however
1974,last
1975,sat
1976,ring
1977,begged
1978,mouse
1979,tell
1980,something
1981,promised
1982,tell
1983,history
1984,know
1985,said
1986,alice
1987,hate
1988,c
1989,added
1990,whisper
1991,half
1992,afraid
1993,would
1994,offended
1995,mine
1996,long
1997,sad
1998,tale
1999,said
2000,mouse
2001,turning
2002,alice
2003,sighing
2004,long
2005,tail
2006,certainly
2007,said
2008,alice
2009,looking
2010,wonder
2011,mouse
2012,tail
2013,call
2014,sad
2015,kept
2016,puzzling
2017,mouse
2018,speaking
2019,idea
2020,tale
2021,something
2022,like
2023,pg
2024,18
2025,fury
2026,said
2027,mouse
2028,met
2029,house
2030,let
2031,us
2032,go
2033,law
2034,prosecute
2035,come
2036,take
2037,denial
2038,must
2039,trial
2040,really
2041,morning
2042,nothing
2043,said
2044,mouse
2045,cur
2046,trial
2047,dear
2048,sir
2049,jury
2050,judge
2051,would
2052,wasting
2053,breath
2054,judge
2055,jury
2056,said
2057,cunning
2058,old
2059,fury
2060,try
2061,whole
2062,cause
2063,condemn
2064,death
2065,pg
2066,19
2067,attending
2068,said
2069,mouse
2070,alice
2071,severely
2072,thinking
2073,beg
2074,pardon
2075,said
2076,alice
2077,humbly
2078,got
2079,fifth
2080,bend
2081,think
2082,insult
2083,talking
2084,nonsense
2085,said
2086,mouse
2087,getting
2088,walking
2089,away
2090,please
2091,come
2092,back
2093,finish
2094,story
2095,alice
2096,called
2097,others
2098,joined
2099,chorus
2100,yes
2101,please
2102,mouse
2103,shook
2104,head
2105,impatiently
2106,walked
2107,little
2108,quicker
2109,wish
2110,dinah
2111,cat
2112,said
2113,alice
2114,caused
2115,remarkable
2116,sensation
2117,among
2118,party
2119,birds
2120,hurried
2121,canary
2122,called
2123,trembling
2124,voice
2125,children
2126,come
2127,away
2128,dears
2129,high
2130,time
2131,bed
2132,various
2133,pretexts
2134,moved
2135,alice
2136,soon
2137,left
2138,alone
2139,wish
2140,mentioned
2141,dinah
2142,nobody
2143,seems
2144,like
2145,sure
2146,best
2147,cat
2148,world
2149,poor
2150,alice
2151,began
2152,cry
2153,felt
2154,lonely
2155,low
2156,spirited
2157,little
2158,however
2159,heard
2160,little
2161,pattering
2162,footsteps
2163,distance
2164,looked
2165,eagerly
2166,pg
2167,20
2168,iv
2169,rabbit
2170,sends
2171,little
2172,bill
2173,white
2174,rabbit
2175,trotting
2176,slowly
2177,back
2178,looking
2179,anxiously
2180,went
2181,lost
2182,something
2183,alice
2184,heard
2185,muttering
2186,duchess
2187,duchess
2188,oh
2189,dear
2190,paws
2191,oh
2192,fur
2193,whiskers
2194,get
2195,executed
2196,sure
2197,ferrets
2198,ferrets
2199,dropped
2200,wonder
2201,alice
2202,guessed
2203,moment
2204,looking
2205,fan
2206,pair
2207,white
2208,kid
2209,gloves
2210,good
2211,naturedly
2212,began
2213,hunting
2214,nowhere
2215,seen
2216,everything
2217,seemed
2218,changed
2219,since
2220,swim
2221,pool
2222,great
2223,hall
2224,glass
2225,table
2226,little
2227,door
2228,vanished
2229,completely
2230,pg
2231,21
2232,soon
2233,rabbit
2234,noticed
2235,alice
2236,called
2237,angry
2238,tone
2239,mary
2240,ann
2241,run
2242,home
2243,moment
2244,fetch
2245,pair
2246,gloves
2247,fan
2248,quick
2249,took
2250,housemaid
2251,said
2252,alice
2253,ran
2254,surprised
2255,finds
2256,said
2257,came
2258,upon
2259,neat
2260,little
2261,house
2262,door
2263,bright
2264,brass
2265,plate
2266,name
2267,w
2268,rabbit
2269,engraved
2270,upon
2271,went
2272,without
2273,knocking
2274,hurried
2275,upstairs
2276,great
2277,fear
2278,lest
2279,meet
2280,real
2281,mary
2282,ann
2283,turned
2284,house
2285,found
2286,fan
2287,gloves
2288,time
2289,alice
2290,found
2291,way
2292,tidy
2293,little
2294,room
2295,table
2296,window
2297,fan
2298,two
2299,three
2300,pairs
2301,tiny
2302,white
2303,kid
2304,gloves
2305,took
2306,fan
2307,pair
2308,gloves
2309,going
2310,leave
2311,room
2312,eyes
2313,fell
2314,upon
2315,little
2316,bottle
2317,stood
2318,near
2319,looking
2320,glass
2321,uncorked
2322,put
2323,lips
2324,saying
2325,hope
2326,make
2327,grow
2328,large
2329,really
2330,quite
2331,tired
2332,tiny
2333,little
2334,thing
2335,drunk
2336,half
2337,bottle
2338,found
2339,head
2340,pressing
2341,ceiling
2342,stoop
2343,save
2344,neck
2345,broken
2346,hastily
2347,put
2348,bottle
2349,remarking
2350,quite
2351,enough
2352,hope
2353,sha
2354,n
2355,grow
2356,alas
2357,late
2358,wish
2359,went
2360,growing
2361,growing
2362,soon
2363,kneel
2364,floor
2365,still
2366,went
2367,growing
2368,last
2369,resource
2370,put
2371,one
2372,arm
2373,window
2374,one
2375,foot
2376,chimney
2377,said
2378,pg
2379,22
2380,whatever
2381,happens
2382,become
2383,luckily
2384,alice
2385,little
2386,magic
2387,bottle
2388,full
2389,effect
2390,grew
2391,larger
2392,minutes
2393,heard
2394,voice
2395,outside
2396,stopped
2397,listen
2398,mary
2399,ann
2400,mary
2401,ann
2402,said
2403,voice
2404,fetch
2405,gloves
2406,moment
2407,came
2408,little
2409,pattering
2410,feet
2411,stairs
2412,alice
2413,knew
2414,rabbit
2415,coming
2416,look
2417,trembled
2418,till
2419,shook
2420,house
2421,quite
2422,forgetting
2423,thousand
2424,times
2425,large
2426,rabbit
2427,reason
2428,afraid
2429,presently
2430,rabbit
2431,came
2432,door
2433,tried
2434,open
2435,door
2436,opened
2437,inwards
2438,alice
2439,elbow
2440,pressed
2441,hard
2442,attempt
2443,proved
2444,failure
2445,alice
2446,heard
2447,say
2448,go
2449,round
2450,get
2451,window
2452,thought
2453,alice
2454,waiting
2455,till
2456,fancied
2457,heard
2458,rabbit
2459,window
2460,suddenly
2461,spread
2462,hand
2463,pg
2464,23
2465,made
2466,snatch
2467,air
2468,get
2469,hold
2470,anything
2471,heard
2472,little
2473,shriek
2474,fall
2475,crash
2476,broken
2477,glass
2478,concluded
2479,possible
2480,fallen
2481,cucumber
2482,frame
2483,something
2484,sort
2485,next
2486,came
2487,angry
2488,voice
2489,rabbit
2490,pat
2491,pat
2492,voice
2493,never
2494,heard
2495,sure
2496,digging
2497,apples
2498,yer
2499,honor
2500,come
2501,help
2502,tell
2503,pat
2504,window
2505,sure
2506,arm
2507,yer
2508,honor
2509,well
2510,got
2511,business
2512,rate
2513,go
2514,take
2515,away
2516,long
2517,silence
2518,alice
2519,could
2520,hear
2521,whispers
2522,last
2523,spread
2524,hand
2525,made
2526,another
2527,snatch
2528,air
2529,time
2530,two
2531,little
2532,shrieks
2533,sounds
2534,broken
2535,glass
2536,wonder
2537,next
2538,thought
2539,alice
2540,pulling
2541,window
2542,wish
2543,could
2544,waited
2545,time
2546,without
2547,hearing
2548,anything
2549,last
2550,came
2551,rumbling
2552,little
2553,cart
2554,wheels
2555,sound
2556,good
2557,many
2558,voices
2559,talking
2560,together
2561,made
2562,words
2563,ladder
2564,bill
2565,got
2566,bill
2567,bill
2568,roof
2569,bear
2570,go
2571,chimney
2572,nay
2573,sha
2574,n
2575,bill
2576,master
2577,says
2578,got
2579,go
2580,chimney
2581,alice
2582,drew
2583,foot
2584,far
2585,chimney
2586,could
2587,waited
2588,till
2589,heard
2590,little
2591,animal
2592,scratching
2593,scrambling
2594,chimney
2595,close
2596,pg
2597,24
2598,gave
2599,one
2600,sharp
2601,kick
2602,waited
2603,see
2604,would
2605,happen
2606,next
2607,first
2608,thing
2609,heard
2610,general
2611,chorus
2612,goes
2613,bill
2614,rabbit
2615,voice
2616,alone
2617,catch
2618,hedge
2619,silence
2620,another
2621,confusion
2622,voices
2623,hold
2624,head
2625,brandy
2626,choke
2627,happened
2628,last
2629,came
2630,little
2631,feeble
2632,squeaking
2633,voice
2634,well
2635,hardly
2636,know
2637,thank
2638,ye
2639,better
2640,know
2641,something
2642,comes
2643,like
2644,jack
2645,box
2646,goes
2647,like
2648,sky
2649,rocket
2650,minute
2651,two
2652,silence
2653,began
2654,moving
2655,alice
2656,heard
2657,rabbit
2658,say
2659,barrowful
2660,begin
2661,barrowful
2662,thought
2663,alice
2664,long
2665,doubt
2666,next
2667,moment
2668,shower
2669,little
2670,pebbles
2671,came
2672,rattling
2673,window
2674,hit
2675,face
2676,alice
2677,noticed
2678,surprise
2679,pebbles
2680,turning
2681,little
2682,cakes
2683,lay
2684,floor
2685,bright
2686,idea
2687,came
2688,head
2689,eat
2690,one
2691,cakes
2692,thought
2693,sure
2694,make
2695,change
2696,size
2697,swallowed
2698,one
2699,cakes
2700,delighted
2701,find
2702,began
2703,shrinking
2704,directly
2705,soon
2706,small
2707,enough
2708,get
2709,door
2710,ran
2711,house
2712,found
2713,quite
2714,crowd
2715,little
2716,animals
2717,birds
2718,waiting
2719,outside
2720,made
2721,rush
2722,alice
2723,moment
2724,appeared
2725,ran
2726,hard
2727,could
2728,soon
2729,found
2730,safe
2731,thick
2732,wood
2733,duchess
2734,tucked
2735,arm
2736,affectionately
2737,alice
2738,first
2739,thing
2740,got
2741,said
2742,alice
2743,pg
2744,25
2745,wandered
2746,wood
2747,grow
2748,right
2749,size
2750,second
2751,thing
2752,find
2753,way
2754,lovely
2755,garden
2756,suppose
2757,ought
2758,eat
2759,drink
2760,something
2761,great
2762,question
2763,alice
2764,looked
2765,around
2766,flowers
2767,blades
2768,grass
2769,could
2770,see
2771,anything
2772,looked
2773,like
2774,right
2775,thing
2776,eat
2777,drink
2778,circumstances
2779,large
2780,mushroom
2781,growing
2782,near
2783,height
2784,stretched
2785,tiptoe
2786,peeped
2787,edge
2788,eyes
2789,immediately
2790,met
2791,large
2792,blue
2793,caterpillar
2794,sitting
2795,top
2796,arms
2797,folded
2798,quietly
2799,smoking
2800,long
2801,hookah
2802,taking
2803,smallest
2804,notice
2805,anything
2806,else
2807,pg
2808,26
2809,v
2810,advice
2811,caterpillar
2812,last
2813,caterpillar
2814,took
2815,hookah
2816,mouth
2817,addressed
2818,alice
2819,languid
2820,sleepy
2821,voice
2822,said
2823,caterpillar
2824,alice
2825,replied
2826,rather
2827,shyly
2828,hardly
2829,know
2830,sir
2831,present
2832,least
2833,know
2834,got
2835,morning
2836,think
2837,must
2838,changed
2839,several
2840,times
2841,since
2842,mean
2843,said
2844,caterpillar
2845,sternly
2846,explain
2847,pg
2848,27
2849,explain
2850,afraid
2851,sir
2852,said
2853,alice
2854,see
2855,many
2856,different
2857,sizes
2858,day
2859,confusing
2860,drew
2861,said
2862,gravely
2863,think
2864,ought
2865,tell
2866,first
2867,said
2868,caterpillar
2869,alice
2870,could
2871,think
2872,good
2873,reason
2874,caterpillar
2875,seemed
2876,unpleasant
2877,state
2878,mind
2879,turned
2880,away
2881,come
2882,back
2883,caterpillar
2884,called
2885,something
2886,important
2887,say
2888,alice
2889,turned
2890,came
2891,back
2892,keep
2893,temper
2894,said
2895,caterpillar
2896,said
2897,alice
2898,swallowing
2899,anger
2900,well
2901,could
2902,said
2903,caterpillar
2904,unfolded
2905,arms
2906,took
2907,hookah
2908,mouth
2909,said
2910,think
2911,changed
2912,afraid
2913,sir
2914,said
2915,alice
2916,remember
2917,things
2918,used
2919,keep
2920,size
2921,ten
2922,minutes
2923,together
2924,size
2925,want
2926,asked
2927,caterpillar
2928,oh
2929,particular
2930,size
2931,alice
2932,hastily
2933,replied
2934,one
2935,like
2936,changing
2937,often
2938,know
2939,like
2940,little
2941,larger
2942,sir
2943,mind
2944,said
2945,alice
2946,three
2947,inches
2948,wretched
2949,height
2950,good
2951,height
2952,indeed
2953,said
2954,caterpillar
2955,angrily
2956,rearing
2957,upright
2958,spoke
2959,exactly
2960,three
2961,inches
2962,high
2963,pg
2964,28
2965,minute
2966,two
2967,caterpillar
2968,got
2969,mushroom
2970,crawled
2971,away
2972,grass
2973,merely
2974,remarking
2975,went
2976,one
2977,side
2978,make
2979,grow
2980,taller
2981,side
2982,make
2983,grow
2984,shorter
2985,one
2986,side
2987,side
2988,thought
2989,alice
2990,mushroom
2991,said
2992,caterpillar
2993,asked
2994,aloud
2995,another
2996,moment
2997,sight
2998,alice
2999,remained
3000,looking
3001,thoughtfully
3002,mushroom
3003,minute
3004,trying
3005,make
3006,two
3007,sides
3008,last
3009,stretched
3010,arms
3011,round
3012,far
3013,would
3014,go
3015,broke
3016,bit
3017,edge
3018,hand
3019,said
3020,nibbled
3021,little
3022,right
3023,hand
3024,bit
3025,try
3026,effect
3027,next
3028,moment
3029,felt
3030,violent
3031,blow
3032,underneath
3033,chin
3034,struck
3035,foot
3036,good
3037,deal
3038,frightened
3039,sudden
3040,change
3041,shrinking
3042,rapidly
3043,set
3044,work
3045,eat
3046,bit
3047,chin
3048,pressed
3049,closely
3050,foot
3051,hardly
3052,room
3053,open
3054,mouth
3055,last
3056,managed
3057,swallow
3058,morsel
3059,left
3060,hand
3061,bit
3062,come
3063,head
3064,free
3065,last
3066,said
3067,alice
3068,could
3069,see
3070,looked
3071,immense
3072,length
3073,neck
3074,seemed
3075,rise
3076,like
3077,stalk
3078,sea
3079,green
3080,leaves
3081,lay
3082,far
3083,shoulders
3084,got
3085,oh
3086,poor
3087,hands
3088,see
3089,de
3090,pg
3091,29
3092,lighted
3093,find
3094,neck
3095,would
3096,bend
3097,easily
3098,direction
3099,like
3100,serpent
3101,succeeded
3102,curving
3103,graceful
3104,zigzag
3105,going
3106,dive
3107,among
3108,leaves
3109,sharp
3110,hiss
3111,made
3112,draw
3113,back
3114,hurry
3115,large
3116,pigeon
3117,flown
3118,face
3119,beating
3120,violently
3121,wings
3122,serpent
3123,cried
3124,pigeon
3125,serpent
3126,said
3127,alice
3128,indignantly
3129,let
3130,alone
3131,tried
3132,roots
3133,trees
3134,tried
3135,banks
3136,tried
3137,hedges
3138,pigeon
3139,went
3140,serpents
3141,pleasing
3142,alice
3143,puzzled
3144,trouble
3145,enough
3146,hatching
3147,eggs
3148,said
3149,pigeon
3150,must
3151,look
3152,serpents
3153,night
3154,day
3155,taken
3156,highest
3157,tree
3158,wood
3159,continued
3160,pigeon
3161,raising
3162,voice
3163,shriek
3164,thinking
3165,free
3166,last
3167,must
3168,needs
3169,come
3170,wriggling
3171,sky
3172,ugh
3173,serpent
3174,serpent
3175,tell
3176,said
3177,alice
3178,little
3179,girl
3180,added
3181,rather
3182,pg
3183,30
3184,doubtfully
3185,remembered
3186,number
3187,changes
3188,gone
3189,day
3190,looking
3191,eggs
3192,know
3193,well
3194,enough
3195,said
3196,pigeon
3197,matter
3198,whether
3199,little
3200,girl
3201,serpent
3202,matters
3203,good
3204,deal
3205,said
3206,alice
3207,hastily
3208,looking
3209,eggs
3210,happens
3211,want
3212,like
3213,raw
3214,well
3215,said
3216,pigeon
3217,sulky
3218,tone
3219,settled
3220,nest
3221,alice
3222,crouched
3223,among
3224,trees
3225,well
3226,could
3227,neck
3228,kept
3229,getting
3230,entangled
3231,among
3232,branches
3233,every
3234,stop
3235,untwist
3236,awhile
3237,remembered
3238,still
3239,held
3240,pieces
3241,mushroom
3242,hands
3243,set
3244,work
3245,carefully
3246,nibbling
3247,first
3248,one
3249,growing
3250,sometimes
3251,taller
3252,sometimes
3253,shorter
3254,succeeded
3255,bringing
3256,usual
3257,height
3258,long
3259,since
3260,anything
3261,near
3262,right
3263,size
3264,felt
3265,quite
3266,strange
3267,first
3268,next
3269,thing
3270,get
3271,beautiful
3272,garden
3273,done
3274,wonder
3275,said
3276,came
3277,suddenly
3278,upon
3279,open
3280,place
3281,little
3282,house
3283,four
3284,feet
3285,high
3286,whoever
3287,lives
3288,thought
3289,alice
3290,never
3291,come
3292,upon
3293,size
3294,frighten
3295,wits
3296,venture
3297,go
3298,near
3299,house
3300,till
3301,brought
3302,nine
3303,inches
3304,high
3305,pg
3306,31
3307,vi
3308,pig
3309,pepper
3310,minute
3311,two
3312,stood
3313,looking
3314,house
3315,suddenly
3316,footman
3317,livery
3318,came
3319,running
3320,wood
3321,judging
3322,face
3323,would
3324,called
3325,fish
3326,rapped
3327,loudly
3328,door
3329,knuckles
3330,opened
3331,another
3332,footman
3333,livery
3334,round
3335,face
3336,large
3337,eyes
3338,like
3339,frog
3340,fish
3341,footman
3342,began
3343,producing
3344,arm
3345,great
3346,letter
3347,handed
3348,saying
3349,solemn
3350,tone
3351,duchess
3352,pg
3353,32
3354,invitation
3355,queen
3356,play
3357,croquet
3358,frog
3359,footman
3360,repeated
3361,solemn
3362,tone
3363,queen
3364,invitation
3365,duchess
3366,play
3367,croquet
3368,bowed
3369,low
3370,curls
3371,got
3372,entangled
3373,together
3374,alice
3375,next
3376,peeped
3377,fish
3378,footman
3379,gone
3380,sitting
3381,ground
3382,near
3383,door
3384,staring
3385,stupidly
3386,sky
3387,alice
3388,went
3389,timidly
3390,door
3391,knocked
3392,sort
3393,use
3394,knocking
3395,said
3396,footman
3397,two
3398,reasons
3399,first
3400,side
3401,door
3402,secondly
3403,making
3404,noise
3405,inside
3406,one
3407,could
3408,possibly
3409,hear
3410,certainly
3411,extraordinary
3412,noise
3413,going
3414,within
3415,constant
3416,howling
3417,sneezing
3418,every
3419,great
3420,crash
3421,dish
3422,kettle
3423,broken
3424,pieces
3425,get
3426,asked
3427,alice
3428,get
3429,said
3430,footman
3431,first
3432,question
3433,know
3434,alice
3435,opened
3436,door
3437,went
3438,door
3439,led
3440,right
3441,large
3442,kitchen
3443,full
3444,smoke
3445,one
3446,end
3447,duchess
3448,sitting
3449,three
3450,legged
3451,stool
3452,middle
3453,nursing
3454,baby
3455,cook
3456,leaning
3457,fire
3458,stirring
3459,large
3460,caldron
3461,seemed
3462,full
3463,soup
3464,certainly
3465,much
3466,pepper
3467,soup
3468,alice
3469,said
3470,well
3471,could
3472,sneezing
3473,even
3474,duchess
3475,sneezed
3476,occasionally
3477,baby
3478,sneezing
3479,howling
3480,alternately
3481,without
3482,moment
3483,pause
3484,two
3485,creatures
3486,pg
3487,33
3488,kitchen
3489,sneeze
3490,cook
3491,large
3492,cat
3493,grinning
3494,ear
3495,ear
3496,please
3497,would
3498,tell
3499,said
3500,alice
3501,little
3502,timidly
3503,cat
3504,grins
3505,like
3506,cheshire
3507,cat
3508,said
3509,duchess
3510,know
3511,cheshire
3512,cats
3513,always
3514,grinned
3515,fact
3516,know
3517,cats
3518,could
3519,grin
3520,said
3521,alice
3522,know
3523,much
3524,said
3525,duchess
3526,fact
3527,cook
3528,took
3529,caldron
3530,soup
3531,fire
3532,set
3533,work
3534,throwing
3535,everything
3536,within
3537,reach
3538,duchess
3539,baby
3540,fire
3541,irons
3542,came
3543,first
3544,followed
3545,shower
3546,saucepans
3547,plates
3548,dishes
3549,duchess
3550,took
3551,notice
3552,even
3553,hit
3554,baby
3555,howling
3556,much
3557,already
3558,quite
3559,impossible
3560,say
3561,whether
3562,blows
3563,hurt
3564,oh
3565,please
3566,mind
3567,cried
3568,alice
3569,jumping
3570,agony
3571,terror
3572,may
3573,nurse
3574,bit
3575,like
3576,duchess
3577,said
3578,alice
3579,flinging
3580,baby
3581,spoke
3582,must
3583,go
3584,get
3585,ready
3586,play
3587,croquet
3588,queen
3589,hurried
3590,room
3591,alice
3592,caught
3593,baby
3594,difficulty
3595,queer
3596,shaped
3597,little
3598,creature
3599,held
3600,arms
3601,legs
3602,directions
3603,take
3604,child
3605,away
3606,thought
3607,alice
3608,sure
3609,kill
3610,day
3611,two
3612,murder
3613,leave
3614,behind
3615,said
3616,last
3617,words
3618,loud
3619,little
3620,thing
3621,grunted
3622,reply
3623,pg
3624,34
3625,going
3626,turn
3627,pig
3628,dear
3629,said
3630,alice
3631,nothing
3632,mind
3633,alice
3634,beginning
3635,think
3636,creature
3637,get
3638,home
3639,grunted
3640,violently
3641,alice
3642,looked
3643,face
3644,alarm
3645,time
3646,could
3647,mistake
3648,neither
3649,less
3650,pig
3651,set
3652,little
3653,creature
3654,felt
3655,quite
3656,relieved
3657,see
3658,trot
3659,away
3660,quietly
3661,wood
3662,alice
3663,little
3664,startled
3665,seeing
3666,cheshire
3667,cat
3668,sitting
3669,bough
3670,tree
3671,yards
3672,cat
3673,grinned
3674,saw
3675,cheshire
3676,puss
3677,began
3678,alice
3679,rather
3680,timidly
3681,would
3682,please
3683,tell
3684,way
3685,ought
3686,go
3687,direction
3688,cat
3689,said
3690,waving
3691,right
3692,paw
3693,round
3694,lives
3695,hatter
3696,direction
3697,waving
3698,paw
3699,lives
3700,march
3701,hare
3702,visit
3703,either
3704,like
3705,mad
3706,want
3707,go
3708,among
3709,mad
3710,people
3711,alice
3712,remarked
3713,oh
3714,help
3715,said
3716,cat
3717,mad
3718,play
3719,croquet
3720,queen
3721,day
3722,like
3723,much
3724,said
3725,alice
3726,invited
3727,yet
3728,see
3729,said
3730,cat
3731,vanished
3732,alice
3733,gone
3734,much
3735,farther
3736,came
3737,sight
3738,house
3739,march
3740,hare
3741,large
3742,house
3743,like
3744,go
3745,near
3746,till
3747,nibbled
3748,left
3749,hand
3750,bit
3751,mushroom
3752,pg
3753,35
3754,vii
3755,mad
3756,tea
3757,party
3758,table
3759,set
3760,tree
3761,front
3762,house
3763,march
3764,hare
3765,hatter
3766,tea
3767,dormouse
3768,sitting
3769,fast
3770,asleep
3771,table
3772,large
3773,one
3774,three
3775,crowded
3776,together
3777,one
3778,corner
3779,room
3780,room
3781,cried
3782,saw
3783,alice
3784,coming
3785,plenty
3786,room
3787,said
3788,alice
3789,indignantly
3790,sat
3791,large
3792,arm
3793,chair
3794,one
3795,end
3796,table
3797,hatter
3798,opened
3799,eyes
3800,wide
3801,hearing
3802,said
3803,raven
3804,like
3805,writing
3806,desk
3807,glad
3808,begun
3809,asking
3810,riddles
3811,believe
3812,guess
3813,added
3814,aloud
3815,mean
3816,think
3817,find
3818,answer
3819,said
3820,march
3821,hare
3822,exactly
3823,said
3824,alice
3825,say
3826,mean
3827,march
3828,hare
3829,went
3830,alice
3831,hastily
3832,replied
3833,least
3834,least
3835,mean
3836,say
3837,thing
3838,know
3839,might
3840,well
3841,say
3842,added
3843,dormouse
3844,seemed
3845,talking
3846,sleep
3847,breathe
3848,sleep
3849,thing
3850,sleep
3851,breathe
3852,pg
3853,36
3854,thing
3855,said
3856,hatter
3857,poured
3858,little
3859,hot
3860,tea
3861,upon
3862,nose
3863,dormouse
3864,shook
3865,head
3866,impatiently
3867,said
3868,without
3869,opening
3870,eyes
3871,course
3872,course
3873,going
3874,remark
3875,guessed
3876,riddle
3877,yet
3878,hatter
3879,said
3880,turning
3881,alice
3882,give
3883,alice
3884,replied
3885,answer
3886,slightest
3887,idea
3888,said
3889,hatter
3890,said
3891,march
3892,hare
3893,alice
3894,gave
3895,weary
3896,sigh
3897,think
3898,might
3899,something
3900,better
3901,time
3902,said
3903,wasting
3904,asking
3905,riddles
3906,answers
3907,take
3908,tea
3909,march
3910,hare
3911,said
3912,alice
3913,earnestly
3914,nothing
3915,yet
3916,alice
3917,replied
3918,offended
3919,tone
3920,take
3921,mean
3922,take
3923,less
3924,said
3925,hatter
3926,easy
3927,take
3928,nothing
3929,alice
3930,got
3931,walked
3932,dormouse
3933,fell
3934,asleep
3935,instantly
3936,neither
3937,others
3938,took
3939,least
3940,notice
3941,going
3942,though
3943,looked
3944,pg
3945,37
3946,back
3947,twice
3948,last
3949,time
3950,saw
3951,trying
3952,put
3953,dormouse
3954,tea
3955,pot
3956,trial
3957,knave
3958,hearts
3959,rate
3960,never
3961,go
3962,said
3963,alice
3964,picked
3965,way
3966,wood
3967,stupidest
3968,tea
3969,party
3970,ever
3971,life
3972,said
3973,noticed
3974,one
3975,trees
3976,door
3977,leading
3978,right
3979,curious
3980,thought
3981,think
3982,may
3983,well
3984,go
3985,went
3986,found
3987,long
3988,hall
3989,close
3990,little
3991,glass
3992,table
3993,taking
3994,little
3995,golden
3996,key
3997,unlocked
3998,door
3999,led
4000,garden
4001,set
4002,work
4003,nibbling
4004,mushroom
4005,kept
4006,piece
4007,pocket
4008,till
4009,foot
4010,high
4011,walked
4012,little
4013,passage
4014,found
4015,last
4016,beautiful
4017,garden
4018,among
4019,bright
4020,flower
4021,beds
4022,cool
4023,fountains
4024,viii
4025,queen
4026,croquet
4027,ground
4028,large
4029,rose
4030,tree
4031,stood
4032,near
4033,entrance
4034,garden
4035,roses
4036,growing
4037,white
4038,three
4039,gardeners
4040,busily
4041,painting
4042,red
4043,suddenly
4044,eyes
4045,chanced
4046,fall
4047,upon
4048,alice
4049,stood
4050,watching
4051,would
4052,tell
4053,please
4054,said
4055,alice
4056,little
4057,timidly
4058,painting
4059,roses
4060,five
4061,seven
4062,said
4063,nothing
4064,looked
4065,two
4066,pg
4067,38
4068,two
4069,began
4070,low
4071,voice
4072,fact
4073,see
4074,miss
4075,ought
4076,red
4077,rose
4078,tree
4079,put
4080,white
4081,one
4082,mistake
4083,queen
4084,find
4085,heads
4086,cut
4087,know
4088,see
4089,miss
4090,best
4091,afore
4092,comes
4093,moment
4094,five
4095,anxiously
4096,looking
4097,across
4098,garden
4099,called
4100,queen
4101,queen
4102,three
4103,gardeners
4104,instantly
4105,threw
4106,flat
4107,upon
4108,faces
4109,sound
4110,many
4111,footsteps
4112,alice
4113,looked
4114,round
4115,eager
4116,see
4117,queen
4118,first
4119,came
4120,ten
4121,soldiers
4122,carrying
4123,clubs
4124,hands
4125,feet
4126,corners
4127,next
4128,ten
4129,courtiers
4130,ornamented
4131,diamonds
4132,came
4133,royal
4134,children
4135,ten
4136,ornamented
4137,hearts
4138,next
4139,came
4140,guests
4141,mostly
4142,kings
4143,queens
4144,among
4145,alice
4146,recognized
4147,white
4148,rabbit
4149,followed
4150,knave
4151,hearts
4152,carrying
4153,king
4154,crown
4155,crimson
4156,velvet
4157,cushion
4158,last
4159,grand
4160,procession
4161,came
4162,king
4163,queen
4164,hearts
4165,procession
4166,came
4167,opposite
4168,alice
4169,stopped
4170,looked
4171,queen
4172,said
4173,severely
4174,said
4175,knave
4176,hearts
4177,bowed
4178,smiled
4179,reply
4180,name
4181,alice
4182,please
4183,majesty
4184,said
4185,alice
4186,politely
4187,added
4188,pack
4189,cards
4190,play
4191,croquet
4192,shouted
4193,queen
4194,question
4195,evidently
4196,meant
4197,alice
4198,pg
4199,39
4200,yes
4201,said
4202,alice
4203,loudly
4204,come
4205,roared
4206,queen
4207,fine
4208,day
4209,said
4210,timid
4211,voice
4212,alice
4213,walking
4214,white
4215,rabbit
4216,peeping
4217,anxiously
4218,face
4219,said
4220,alice
4221,duchess
4222,hush
4223,hush
4224,said
4225,rabbit
4226,sentence
4227,execution
4228,said
4229,alice
4230,boxed
4231,queen
4232,ears
4233,rabbit
4234,began
4235,get
4236,places
4237,shouted
4238,queen
4239,voice
4240,thunder
4241,people
4242,began
4243,running
4244,directions
4245,tumbling
4246,however
4247,got
4248,settled
4249,minute
4250,two
4251,game
4252,began
4253,alice
4254,thought
4255,never
4256,seen
4257,curious
4258,croquet
4259,ground
4260,life
4261,ridges
4262,furrows
4263,croquet
4264,balls
4265,live
4266,hedgehogs
4267,mallets
4268,live
4269,flamingos
4270,soldiers
4271,double
4272,stand
4273,hands
4274,feet
4275,make
4276,arches
4277,players
4278,played
4279,without
4280,waiting
4281,turns
4282,quarrelling
4283,fighting
4284,hedgehogs
4285,short
4286,time
4287,queen
4288,furious
4289,passion
4290,went
4291,stamping
4292,shouting
4293,head
4294,head
4295,minute
4296,dreadfully
4297,fond
4298,beheading
4299,people
4300,thought
4301,alice
4302,great
4303,wonder
4304,anyone
4305,left
4306,alive
4307,looking
4308,way
4309,escape
4310,noticed
4311,curious
4312,appearance
4313,air
4314,pg
4315,40
4316,cheshire
4317,cat
4318,said
4319,shall
4320,somebody
4321,talk
4322,getting
4323,said
4324,cat
4325,think
4326,play
4327,fairly
4328,alice
4329,said
4330,rather
4331,complaining
4332,tone
4333,quarrel
4334,dreadfully
4335,one
4336,hear
4337,oneself
4338,speak
4339,seem
4340,rules
4341,particular
4342,like
4343,queen
4344,said
4345,cat
4346,low
4347,voice
4348,said
4349,alice
4350,alice
4351,thought
4352,might
4353,well
4354,go
4355,back
4356,see
4357,game
4358,going
4359,went
4360,search
4361,hedgehog
4362,hedgehog
4363,engaged
4364,fight
4365,another
4366,hedgehog
4367,seemed
4368,alice
4369,excellent
4370,opportunity
4371,croqueting
4372,one
4373,difficulty
4374,flamingo
4375,gone
4376,across
4377,side
4378,garden
4379,alice
4380,could
4381,see
4382,trying
4383,helpless
4384,sort
4385,way
4386,fly
4387,tree
4388,caught
4389,flamingo
4390,tucked
4391,away
4392,arm
4393,might
4394,escape
4395,pg
4396,41
4397,alice
4398,ran
4399,across
4400,duchess
4401,prison
4402,tucked
4403,arm
4404,affectionately
4405,alice
4406,walked
4407,together
4408,alice
4409,glad
4410,find
4411,pleasant
4412,temper
4413,little
4414,startled
4415,however
4416,heard
4417,voice
4418,duchess
4419,close
4420,ear
4421,thinking
4422,something
4423,dear
4424,makes
4425,forget
4426,talk
4427,game
4428,going
4429,rather
4430,better
4431,alice
4432,said
4433,way
4434,keeping
4435,conversation
4436,little
4437,tis
4438,said
4439,duchess
4440,moral
4441,oh
4442,tis
4443,love
4444,tis
4445,love
4446,makes
4447,world
4448,go
4449,round
4450,somebody
4451,said
4452,alice
4453,whispered
4454,done
4455,everybody
4456,minding
4457,business
4458,ah
4459,well
4460,means
4461,much
4462,thing
4463,said
4464,duchess
4465,digging
4466,sharp
4467,little
4468,chin
4469,alice
4470,shoulder
4471,added
4472,moral
4473,take
4474,care
4475,sense
4476,sounds
4477,take
4478,care
4479,alice
4480,great
4481,surprise
4482,duchess
4483,arm
4484,linked
4485,began
4486,tremble
4487,alice
4488,looked
4489,stood
4490,queen
4491,front
4492,arms
4493,folded
4494,frowning
4495,like
4496,thunderstorm
4497,give
4498,fair
4499,warning
4500,shouted
4501,queen
4502,stamping
4503,ground
4504,spoke
4505,either
4506,head
4507,must
4508,half
4509,time
4510,take
4511,choice
4512,duchess
4513,took
4514,choice
4515,gone
4516,moment
4517,let
4518,go
4519,game
4520,queen
4521,said
4522,alice
4523,alice
4524,much
4525,frightened
4526,say
4527,pg
4528,42
4529,word
4530,slowly
4531,followed
4532,back
4533,croquet
4534,ground
4535,time
4536,playing
4537,queen
4538,never
4539,left
4540,quarreling
4541,players
4542,shouting
4543,head
4544,head
4545,end
4546,half
4547,hour
4548,players
4549,except
4550,king
4551,queen
4552,alice
4553,custody
4554,soldiers
4555,sentence
4556,execution
4557,queen
4558,left
4559,quite
4560,breath
4561,walked
4562,away
4563,alice
4564,alice
4565,heard
4566,king
4567,say
4568,low
4569,voice
4570,company
4571,generally
4572,pardoned
4573,suddenly
4574,cry
4575,trial
4576,beginning
4577,heard
4578,distance
4579,alice
4580,ran
4581,along
4582,others
4583,ix
4584,stole
4585,tarts
4586,king
4587,queen
4588,hearts
4589,seated
4590,throne
4591,arrived
4592,great
4593,crowd
4594,assembled
4595,sorts
4596,little
4597,birds
4598,beasts
4599,well
4600,whole
4601,pack
4602,cards
4603,knave
4604,standing
4605,chains
4606,soldier
4607,side
4608,guard
4609,near
4610,king
4611,white
4612,rabbit
4613,trumpet
4614,one
4615,hand
4616,scroll
4617,parchment
4618,middle
4619,court
4620,pg
4621,43
4622,table
4623,large
4624,dish
4625,tarts
4626,upon
4627,wish
4628,get
4629,trial
4630,done
4631,alice
4632,thought
4633,hand
4634,round
4635,refreshments
4636,judge
4637,way
4638,king
4639,wore
4640,crown
4641,great
4642,wig
4643,jury
4644,box
4645,thought
4646,alice
4647,twelve
4648,creatures
4649,animals
4650,birds
4651,suppose
4652,jurors
4653,white
4654,rabbit
4655,cried
4656,silence
4657,court
4658,herald
4659,read
4660,accusation
4661,said
4662,king
4663,white
4664,rabbit
4665,blew
4666,three
4667,blasts
4668,trumpet
4669,unrolled
4670,parchment
4671,scroll
4672,read
4673,follows
4674,queen
4675,hearts
4676,made
4677,tarts
4678,summer
4679,day
4680,knave
4681,hearts
4682,stole
4683,tarts
4684,took
4685,quite
4686,away
4687,call
4688,first
4689,witness
4690,said
4691,king
4692,white
4693,rabbit
4694,blew
4695,three
4696,blasts
4697,trumpet
4698,called
4699,first
4700,witness
4701,first
4702,witness
4703,hatter
4704,came
4705,pg
4706,44
4707,teacup
4708,one
4709,hand
4710,piece
4711,bread
4712,butter
4713,ought
4714,finished
4715,said
4716,king
4717,begin
4718,hatter
4719,looked
4720,march
4721,hare
4722,followed
4723,court
4724,arm
4725,arm
4726,dormouse
4727,fourteenth
4728,march
4729,think
4730,said
4731,give
4732,evidence
4733,said
4734,king
4735,nervous
4736,executed
4737,spot
4738,seem
4739,encourage
4740,witness
4741,kept
4742,shifting
4743,one
4744,foot
4745,looking
4746,uneasily
4747,queen
4748,confusion
4749,bit
4750,large
4751,piece
4752,teacup
4753,instead
4754,bread
4755,butter
4756,moment
4757,alice
4758,felt
4759,curious
4760,sensation
4761,beginning
4762,grow
4763,larger
4764,miserable
4765,hatter
4766,dropped
4767,teacup
4768,bread
4769,butter
4770,went
4771,one
4772,knee
4773,poor
4774,man
4775,majesty
4776,began
4777,poor
4778,speaker
4779,said
4780,king
4781,may
4782,go
4783,said
4784,king
4785,hatter
4786,hurriedly
4787,left
4788,court
4789,call
4790,next
4791,witness
4792,said
4793,king
4794,next
4795,witness
4796,duchess
4797,cook
4798,carried
4799,pepper
4800,box
4801,hand
4802,people
4803,near
4804,door
4805,began
4806,sneezing
4807,give
4808,evidence
4809,said
4810,king
4811,sha
4812,n
4813,said
4814,cook
4815,king
4816,looked
4817,anxiously
4818,white
4819,rabbit
4820,said
4821,low
4822,voice
4823,majesty
4824,must
4825,cross
4826,examine
4827,witness
4828,pg
4829,45
4830,well
4831,must
4832,must
4833,king
4834,said
4835,tarts
4836,made
4837,pepper
4838,mostly
4839,said
4840,cook
4841,minutes
4842,whole
4843,court
4844,confusion
4845,time
4846,settled
4847,cook
4848,disappeared
4849,never
4850,mind
4851,said
4852,king
4853,call
4854,next
4855,witness
4856,alice
4857,watched
4858,white
4859,rabbit
4860,fumbled
4861,list
4862,imagine
4863,surprise
4864,read
4865,top
4866,shrill
4867,little
4868,voice
4869,name
4870,alice
4871,x
4872,alice
4873,evidence
4874,cried
4875,alice
4876,jumped
4877,hurry
4878,tipped
4879,jury
4880,box
4881,upsetting
4882,jurymen
4883,heads
4884,crowd
4885,oh
4886,beg
4887,pardon
4888,exclaimed
4889,tone
4890,great
4891,dismay
4892,trial
4893,cannot
4894,proceed
4895,said
4896,king
4897,jurymen
4898,back
4899,proper
4900,places
4901,repeated
4902,great
4903,emphasis
4904,looking
4905,hard
4906,alice
4907,know
4908,business
4909,king
4910,said
4911,alice
4912,nothing
4913,whatever
4914,said
4915,alice
4916,king
4917,read
4918,book
4919,rule
4920,forty
4921,pg
4922,46
4923,two
4924,persons
4925,mile
4926,high
4927,leave
4928,court
4929,mile
4930,high
4931,said
4932,alice
4933,nearly
4934,two
4935,miles
4936,high
4937,said
4938,queen
4939,well
4940,sha
4941,n
4942,go
4943,rate
4944,said
4945,alice
4946,king
4947,turned
4948,pale
4949,shut
4950,note
4951,book
4952,hastily
4953,consider
4954,verdict
4955,said
4956,jury
4957,low
4958,trembling
4959,voice
4960,evidence
4961,come
4962,yet
4963,please
4964,majesty
4965,said
4966,white
4967,rabbit
4968,jumping
4969,great
4970,hurry
4971,paper
4972,picked
4973,seems
4974,letter
4975,written
4976,prisoner
4977,somebody
4978,unfolded
4979,paper
4980,spoke
4981,added
4982,letter
4983,set
4984,verses
4985,please
4986,majesty
4987,said
4988,knave
4989,write
4990,prove
4991,name
4992,signed
4993,end
4994,must
4995,meant
4996,mischief
4997,else
4998,signed
4999,name
5000,like
5001,honest
5002,man
5003,said
5004,king
5005,general
5006,clapping
5007,hands
5008,pg
5009,47
5010,read
5011,added
5012,turning
5013,white
5014,rabbit
5015,dead
5016,silence
5017,court
5018,whilst
5019,white
5020,rabbit
5021,read
5022,verses
5023,important
5024,piece
5025,evidence
5026,heard
5027,yet
5028,said
5029,king
5030,believe
5031,atom
5032,meaning
5033,ventured
5034,alice
5035,meaning
5036,said
5037,king
5038,saves
5039,world
5040,trouble
5041,know
5042,try
5043,find
5044,let
5045,jury
5046,consider
5047,verdict
5048,said
5049,queen
5050,sentence
5051,first
5052,verdict
5053,afterwards
5054,stuff
5055,nonsense
5056,said
5057,alice
5058,loudly
5059,idea
5060,sentence
5061,first
5062,hold
5063,tongue
5064,said
5065,queen
5066,turning
5067,purple
5068,said
5069,alice
5070,head
5071,queen
5072,shouted
5073,top
5074,voice
5075,nobody
5076,moved
5077,cares
5078,said
5079,alice
5080,grown
5081,full
5082,size
5083,time
5084,nothing
5085,pack
5086,cards
5087,whole
5088,pack
5089,rose
5090,air
5091,came
5092,flying
5093,upon
5094,pg
5095,48
5096,gave
5097,little
5098,scream
5099,half
5100,fright
5101,half
5102,anger
5103,tried
5104,beat
5105,found
5106,lying
5107,bank
5108,head
5109,lap
5110,sister
5111,gently
5112,brushing
5113,away
5114,dead
5115,leaves
5116,fluttered
5117,trees
5118,upon
5119,face
5120,wake
5121,alice
5122,dear
5123,said
5124,sister
5125,long
5126,sleep
5127,oh
5128,curious
5129,dream
5130,said
5131,alice
5132,told
5133,sister
5134,well
5135,could
5136,remember
5137,strange
5138,adventures
5139,reading
5140,alice
5141,got
5142,ran
5143,thinking
5144,ran
5145,well
5146,might
5147,wonderful
5148,dream
5149,end
5150,project
5151,gutenberg
5152,ebook
5153,alice
5154,wonderland
5155,lewis
5156,carroll
5157,end
5158,project
5159,gutenberg
5160,ebook
5161,alice
5162,wonderland
5163,file
5164,named
5165,19033
5166,h
5167,htm
5168,19033
5169,h
5170,zip
5171,associated
5172,files
5173,various
5174,formats
5175,found
5176,http
5177,www
5178,gutenberg
5179,org
5180,1
5181,9
5182,0
5183,3
5184,19033
5185,produced
5186,jason
5187,isbell
5188,irma
5189,spehar
5190,online
5191,distributed
5192,proofreading
5193,team
5194,http
5195,www
5196,pgdp
5197,net
5198,updated
5199,editions
5200,replace
5201,previous
5202,one
5203,old
5204,editions
5205,renamed
5206,creating
5207,works
5208,public
5209,domain
5210,print
5211,editions
5212,means
5213,one
5214,owns
5215,united
5216,states
5217,copyright
5218,works
5219,foundation
5220,copy
5221,distribute
5222,united
5223,states
5224,without
5225,permission
5226,without
5227,paying
5228,copyright
5229,royalties
5230,special
5231,rules
5232,set
5233,forth
5234,general
5235,terms
5236,use
5237,part
5238,license
5239,apply
5240,copying
5241,distributing
5242,project
5243,gutenberg
5244,tm
5245,electronic
5246,works
5247,protect
5248,project
5249,gutenberg
5250,tm
5251,concept
5252,trademark
5253,project
5254,gutenberg
5255,registered
5256,trademark
5257,may
5258,used
5259,charge
5260,ebooks
5261,unless
5262,receive
5263,specific
5264,permission
5265,charge
5266,anything
5267,copies
5268,ebook
5269,complying
5270,rules
5271,easy
5272,may
5273,use
5274,ebook
5275,nearly
5276,purpose
5277,creation
5278,derivative
5279,works
5280,reports
5281,performances
5282,research
5283,may
5284,modified
5285,printed
5286,given
5287,away
5288,may
5289,practically
5290,anything
5291,public
5292,domain
5293,ebooks
5294,redistribution
5295,subject
5296,trademark
5297,license
5298,especially
5299,commercial
5300,redistribution
5301,start
5302,full
5303,license
5304,full
5305,project
5306,gutenberg
5307,license
5308,please
5309,read
5310,distribute
5311,use
5312,work
5313,protect
5314,project
5315,gutenberg
5316,tm
5317,mission
5318,promoting
5319,free
5320,distribution
5321,electronic
5322,works
5323,using
5324,distributing
5325,work
5326,work
5327,associated
5328,way
5329,phrase
5330,project
5331,gutenberg
5332,agree
5333,comply
5334,terms
5335,full
5336,project
5337,gutenberg
5338,tm
5339,license
5340,available
5341,file
5342,online
5343,http
5344,gutenberg
5345,org
5346,license
5347,section
5348,1
5349,general
5350,terms
5351,use
5352,redistributing
5353,project
5354,gutenberg
5355,tm
5356,electronic
5357,works
5358,1
5359,reading
5360,using
5361,part
5362,project
5363,gutenberg
5364,tm
5365,electronic
5366,work
5367,indicate
5368,read
5369,understand
5370,agree
5371,accept
5372,terms
5373,license
5374,intellectual
5375,property
5376,trademark
5377,copyright
5378,agreement
5379,agree
5380,abide
5381,terms
5382,agreement
5383,must
5384,cease
5385,using
5386,return
5387,destroy
5388,copies
5389,project
5390,gutenberg
5391,tm
5392,electronic
5393,works
5394,possession
5395,paid
5396,fee
5397,obtaining
5398,copy
5399,access
5400,project
5401,gutenberg
5402,tm
5403,electronic
5404,work
5405,agree
5406,bound
5407,terms
5408,agreement
5409,may
5410,obtain
5411,refund
5412,person
5413,entity
5414,paid
5415,fee
5416,set
5417,forth
5418,paragraph
5419,1
5420,e
5421,8
5422,1
5423,b
5424,project
5425,gutenberg
5426,registered
5427,trademark
5428,may
5429,used
5430,associated
5431,way
5432,electronic
5433,work
5434,people
5435,agree
5436,bound
5437,terms
5438,agreement
5439,things
5440,project
5441,gutenberg
5442,tm
5443,electronic
5444,works
5445,even
5446,without
5447,complying
5448,full
5449,terms
5450,agreement
5451,see
5452,paragraph
5453,1
5454,c
5455,lot
5456,things
5457,project
5458,gutenberg
5459,tm
5460,electronic
5461,works
5462,follow
5463,terms
5464,agreement
5465,help
5466,preserve
5467,free
5468,future
5469,access
5470,project
5471,gutenberg
5472,tm
5473,electronic
5474,works
5475,see
5476,paragraph
5477,1
5478,e
5479,1
5480,c
5481,project
5482,gutenberg
5483,literary
5484,archive
5485,foundation
5486,foundation
5487,pglaf
5488,owns
5489,compilation
5490,copyright
5491,collection
5492,project
5493,gutenberg
5494,tm
5495,electronic
5496,works
5497,nearly
5498,individual
5499,works
5500,collection
5501,public
5502,domain
5503,united
5504,states
5505,individual
5506,work
5507,public
5508,domain
5509,united
5510,states
5511,located
5512,united
5513,states
5514,claim
5515,right
5516,prevent
5517,copying
5518,distributing
5519,performing
5520,displaying
5521,creating
5522,derivative
5523,works
5524,based
5525,work
5526,long
5527,references
5528,project
5529,gutenberg
5530,removed
5531,course
5532,hope
5533,support
5534,project
5535,gutenberg
5536,tm
5537,mission
5538,promoting
5539,free
5540,access
5541,electronic
5542,works
5543,freely
5544,sharing
5545,project
5546,gutenberg
5547,tm
5548,works
5549,compliance
5550,terms
5551,agreement
5552,keeping
5553,project
5554,gutenberg
5555,tm
5556,name
5557,associated
5558,work
5559,easily
5560,comply
5561,terms
5562,agreement
5563,keeping
5564,work
5565,format
5566,attached
5567,full
5568,project
5569,gutenberg
5570,tm
5571,license
5572,share
5573,without
5574,charge
5575,others
5576,1
5577,copyright
5578,laws
5579,place
5580,located
5581,also
5582,govern
5583,work
5584,copyright
5585,laws
5586,countries
5587,constant
5588,state
5589,change
5590,outside
5591,united
5592,states
5593,check
5594,laws
5595,country
5596,addition
5597,terms
5598,agreement
5599,downloading
5600,copying
5601,displaying
5602,performing
5603,distributing
5604,creating
5605,derivative
5606,works
5607,based
5608,work
5609,project
5610,gutenberg
5611,tm
5612,work
5613,foundation
5614,makes
5615,representations
5616,concerning
5617,copyright
5618,status
5619,work
5620,country
5621,outside
5622,united
5623,states
5624,1
5625,e
5626,unless
5627,removed
5628,references
5629,project
5630,gutenberg
5631,1
5632,e
5633,1
5634,following
5635,sentence
5636,active
5637,links
5638,immediate
5639,access
5640,full
5641,project
5642,gutenberg
5643,tm
5644,license
5645,must
5646,appear
5647,prominently
5648,whenever
5649,copy
5650,project
5651,gutenberg
5652,tm
5653,work
5654,work
5655,phrase
5656,project
5657,gutenberg
5658,appears
5659,phrase
5660,project
5661,gutenberg
5662,associated
5663,accessed
5664,displayed
5665,performed
5666,viewed
5667,copied
5668,distributed
5669,ebook
5670,use
5671,anyone
5672,anywhere
5673,cost
5674,almost
5675,restrictions
5676,whatsoever
5677,may
5678,copy
5679,give
5680,away
5681,use
5682,terms
5683,project
5684,gutenberg
5685,license
5686,included
5687,ebook
5688,online
5689,www
5690,gutenberg
5691,org
5692,1
5693,e
5694,2
5695,individual
5696,project
5697,gutenberg
5698,tm
5699,electronic
5700,work
5701,derived
5702,public
5703,domain
5704,contain
5705,notice
5706,indicating
5707,posted
5708,permission
5709,copyright
5710,holder
5711,work
5712,copied
5713,distributed
5714,anyone
5715,united
5716,states
5717,without
5718,paying
5719,fees
5720,charges
5721,redistributing
5722,providing
5723,access
5724,work
5725,phrase
5726,project
5727,gutenberg
5728,associated
5729,appearing
5730,work
5731,must
5732,comply
5733,either
5734,requirements
5735,paragraphs
5736,1
5737,e
5738,1
5739,1
5740,e
5741,7
5742,obtain
5743,permission
5744,use
5745,work
5746,project
5747,gutenberg
5748,tm
5749,trademark
5750,set
5751,forth
5752,paragraphs
5753,1
5754,e
5755,8
5756,1
5757,e
5758,9
5759,1
5760,e
5761,3
5762,individual
5763,project
5764,gutenberg
5765,tm
5766,electronic
5767,work
5768,posted
5769,permission
5770,copyright
5771,holder
5772,use
5773,distribution
5774,must
5775,comply
5776,paragraphs
5777,1
5778,e
5779,1
5780,1
5781,e
5782,7
5783,additional
5784,terms
5785,imposed
5786,copyright
5787,holder
5788,additional
5789,terms
5790,linked
5791,project
5792,gutenberg
5793,tm
5794,license
5795,works
5796,posted
5797,permission
5798,copyright
5799,holder
5800,found
5801,beginning
5802,work
5803,1
5804,e
5805,4
5806,unlink
5807,detach
5808,remove
5809,full
5810,project
5811,gutenberg
5812,tm
5813,license
5814,terms
5815,work
5816,files
5817,containing
5818,part
5819,work
5820,work
5821,associated
5822,project
5823,gutenberg
5824,tm
5825,1
5826,e
5827,5
5828,copy
5829,display
5830,perform
5831,distribute
5832,redistribute
5833,electronic
5834,work
5835,part
5836,electronic
5837,work
5838,without
5839,prominently
5840,displaying
5841,sentence
5842,set
5843,forth
5844,paragraph
5845,1
5846,e
5847,1
5848,active
5849,links
5850,immediate
5851,access
5852,full
5853,terms
5854,project
5855,gutenberg
5856,tm
5857,license
5858,1
5859,e
5860,6
5861,may
5862,convert
5863,distribute
5864,work
5865,binary
5866,compressed
5867,marked
5868,nonproprietary
5869,proprietary
5870,form
5871,including
5872,word
5873,processing
5874,hypertext
5875,form
5876,however
5877,provide
5878,access
5879,distribute
5880,copies
5881,project
5882,gutenberg
5883,tm
5884,work
5885,format
5886,plain
5887,vanilla
5888,ascii
5889,format
5890,used
5891,official
5892,version
5893,posted
5894,official
5895,project
5896,gutenberg
5897,tm
5898,web
5899,site
5900,www
5901,gutenberg
5902,org
5903,must
5904,additional
5905,cost
5906,fee
5907,expense
5908,user
5909,provide
5910,copy
5911,means
5912,exporting
5913,copy
5914,means
5915,obtaining
5916,copy
5917,upon
5918,request
5919,work
5920,original
5921,plain
5922,vanilla
5923,ascii
5924,form
5925,alternate
5926,format
5927,must
5928,include
5929,full
5930,project
5931,gutenberg
5932,tm
5933,license
5934,specified
5935,paragraph
5936,1
5937,e
5938,1
5939,1
5940,e
5941,7
5942,charge
5943,fee
5944,access
5945,viewing
5946,displaying
5947,performing
5948,copying
5949,distributing
5950,project
5951,gutenberg
5952,tm
5953,works
5954,unless
5955,comply
5956,paragraph
5957,1
5958,e
5959,8
5960,1
5961,e
5962,9
5963,1
5964,e
5965,8
5966,may
5967,charge
5968,reasonable
5969,fee
5970,copies
5971,providing
5972,access
5973,distributing
5974,project
5975,gutenberg
5976,tm
5977,electronic
5978,works
5979,provided
5980,pay
5981,royalty
5982,fee
5983,20
5984,gross
5985,profits
5986,derive
5987,use
5988,project
5989,gutenberg
5990,tm
5991,works
5992,calculated
5993,using
5994,method
5995,already
5996,use
5997,calculate
5998,applicable
5999,taxes
6000,fee
6001,owed
6002,owner
6003,project
6004,gutenberg
6005,tm
6006,trademark
6007,agreed
6008,donate
6009,royalties
6010,paragraph
6011,project
6012,gutenberg
6013,literary
6014,archive
6015,foundation
6016,royalty
6017,payments
6018,must
6019,paid
6020,within
6021,60
6022,days
6023,following
6024,date
6025,prepare
6026,legally
6027,required
6028,prepare
6029,periodic
6030,tax
6031,returns
6032,royalty
6033,payments
6034,clearly
6035,marked
6036,sent
6037,project
6038,gutenberg
6039,literary
6040,archive
6041,foundation
6042,address
6043,specified
6044,section
6045,4
6046,information
6047,donations
6048,project
6049,gutenberg
6050,literary
6051,archive
6052,foundation
6053,provide
6054,full
6055,refund
6056,money
6057,paid
6058,user
6059,notifies
6060,writing
6061,e
6062,mail
6063,within
6064,30
6065,days
6066,receipt
6067,agree
6068,terms
6069,full
6070,project
6071,gutenberg
6072,tm
6073,license
6074,must
6075,require
6076,user
6077,return
6078,destroy
6079,copies
6080,works
6081,possessed
6082,physical
6083,medium
6084,discontinue
6085,use
6086,access
6087,copies
6088,project
6089,gutenberg
6090,tm
6091,works
6092,provide
6093,accordance
6094,paragraph
6095,1
6096,f
6097,3
6098,full
6099,refund
6100,money
6101,paid
6102,work
6103,replacement
6104,copy
6105,defect
6106,electronic
6107,work
6108,discovered
6109,reported
6110,within
6111,90
6112,days
6113,receipt
6114,work
6115,comply
6116,terms
6117,agreement
6118,free
6119,distribution
6120,project
6121,gutenberg
6122,tm
6123,works
6124,1
6125,e
6126,9
6127,wish
6128,charge
6129,fee
6130,distribute
6131,project
6132,gutenberg
6133,tm
6134,electronic
6135,work
6136,group
6137,works
6138,different
6139,terms
6140,set
6141,forth
6142,agreement
6143,must
6144,obtain
6145,permission
6146,writing
6147,project
6148,gutenberg
6149,literary
6150,archive
6151,foundation
6152,michael
6153,hart
6154,owner
6155,project
6156,gutenberg
6157,tm
6158,trademark
6159,contact
6160,foundation
6161,set
6162,forth
6163,section
6164,3
6165,1
6166,f
6167,1
6168,f
6169,1
6170,project
6171,gutenberg
6172,volunteers
6173,employees
6174,expend
6175,considerable
6176,effort
6177,identify
6178,copyright
6179,research
6180,transcribe
6181,proofread
6182,public
6183,domain
6184,works
6185,creating
6186,project
6187,gutenberg
6188,tm
6189,collection
6190,despite
6191,efforts
6192,project
6193,gutenberg
6194,tm
6195,electronic
6196,works
6197,medium
6198,may
6199,stored
6200,may
6201,contain
6202,defects
6203,limited
6204,incomplete
6205,inaccurate
6206,corrupt
6207,data
6208,transcription
6209,errors
6210,copyright
6211,intellectual
6212,property
6213,infringement
6214,defective
6215,damaged
6216,disk
6217,medium
6218,computer
6219,virus
6220,computer
6221,codes
6222,damage
6223,cannot
6224,read
6225,equipment
6226,1
6227,f
6228,2
6229,limited
6230,warranty
6231,disclaimer
6232,damages
6233,except
6234,right
6235,replacement
6236,refund
6237,described
6238,paragraph
6239,1
6240,f
6241,3
6242,project
6243,gutenberg
6244,literary
6245,archive
6246,foundation
6247,owner
6248,project
6249,gutenberg
6250,tm
6251,trademark
6252,party
6253,distributing
6254,project
6255,gutenberg
6256,tm
6257,electronic
6258,work
6259,agreement
6260,disclaim
6261,liability
6262,damages
6263,costs
6264,expenses
6265,including
6266,legal
6267,fees
6268,agree
6269,remedies
6270,negligence
6271,strict
6272,liability
6273,breach
6274,warranty
6275,breach
6276,contract
6277,except
6278,provided
6279,paragraph
6280,f3
6281,agree
6282,foundation
6283,trademark
6284,owner
6285,distributor
6286,agreement
6287,liable
6288,actual
6289,direct
6290,indirect
6291,consequential
6292,punitive
6293,incidental
6294,damages
6295,even
6296,give
6297,notice
6298,possibility
6299,damage
6300,1
6301,f
6302,3
6303,limited
6304,right
6305,replacement
6306,refund
6307,discover
6308,defect
6309,electronic
6310,work
6311,within
6312,90
6313,days
6314,receiving
6315,receive
6316,refund
6317,money
6318,paid
6319,sending
6320,written
6321,explanation
6322,person
6323,received
6324,work
6325,received
6326,work
6327,physical
6328,medium
6329,must
6330,return
6331,medium
6332,written
6333,explanation
6334,person
6335,entity
6336,provided
6337,defective
6338,work
6339,may
6340,elect
6341,provide
6342,replacement
6343,copy
6344,lieu
6345,refund
6346,received
6347,work
6348,electronically
6349,person
6350,entity
6351,providing
6352,may
6353,choose
6354,give
6355,second
6356,opportunity
6357,receive
6358,work
6359,electronically
6360,lieu
6361,refund
6362,second
6363,copy
6364,also
6365,defective
6366,may
6367,demand
6368,refund
6369,writing
6370,without
6371,opportunities
6372,fix
6373,problem
6374,1
6375,f
6376,4
6377,except
6378,limited
6379,right
6380,replacement
6381,refund
6382,set
6383,forth
6384,paragraph
6385,1
6386,f
6387,3
6388,work
6389,provided
6390,warranties
6391,kind
6392,express
6393,implied
6394,including
6395,limited
6396,warranties
6397,merchantibility
6398,fitness
6399,purpose
6400,1
6401,f
6402,5
6403,states
6404,allow
6405,disclaimers
6406,certain
6407,implied
6408,warranties
6409,exclusion
6410,limitation
6411,certain
6412,types
6413,damages
6414,disclaimer
6415,limitation
6416,set
6417,forth
6418,agreement
6419,violates
6420,law
6421,state
6422,applicable
6423,agreement
6424,agreement
6425,shall
6426,interpreted
6427,make
6428,maximum
6429,disclaimer
6430,limitation
6431,permitted
6432,applicable
6433,state
6434,law
6435,invalidity
6436,unenforceability
6437,provision
6438,agreement
6439,shall
6440,void
6441,remaining
6442,provisions
6443,1
6444,f
6445,6
6446,indemnity
6447,agree
6448,indemnify
6449,hold
6450,foundation
6451,trademark
6452,owner
6453,agent
6454,employee
6455,foundation
6456,anyone
6457,providing
6458,copies
6459,project
6460,gutenberg
6461,tm
6462,electronic
6463,works
6464,accordance
6465,agreement
6466,volunteers
6467,associated
6468,production
6469,promotion
6470,distribution
6471,project
6472,gutenberg
6473,tm
6474,electronic
6475,works
6476,harmless
6477,liability
6478,costs
6479,expenses
6480,including
6481,legal
6482,fees
6483,arise
6484,directly
6485,indirectly
6486,following
6487,cause
6488,occur
6489,distribution
6490,project
6491,gutenberg
6492,tm
6493,work
6494,b
6495,alteration
6496,modification
6497,additions
6498,deletions
6499,project
6500,gutenberg
6501,tm
6502,work
6503,c
6504,defect
6505,cause
6506,section
6507,2
6508,information
6509,mission
6510,project
6511,gutenberg
6512,tm
6513,project
6514,gutenberg
6515,tm
6516,synonymous
6517,free
6518,distribution
6519,electronic
6520,works
6521,formats
6522,readable
6523,widest
6524,variety
6525,computers
6526,including
6527,obsolete
6528,old
6529,middle
6530,aged
6531,new
6532,computers
6533,exists
6534,efforts
6535,hundreds
6536,volunteers
6537,donations
6538,people
6539,walks
6540,life
6541,volunteers
6542,financial
6543,support
6544,provide
6545,volunteers
6546,assistance
6547,need
6548,critical
6549,reaching
6550,project
6551,gutenberg
6552,tm
6553,goals
6554,ensuring
6555,project
6556,gutenberg
6557,tm
6558,collection
6559,remain
6560,freely
6561,available
6562,generations
6563,come
6564,2001
6565,project
6566,gutenberg
6567,literary
6568,archive
6569,foundation
6570,created
6571,provide
6572,secure
6573,permanent
6574,future
6575,project
6576,gutenberg
6577,tm
6578,future
6579,generations
6580,learn
6581,project
6582,gutenberg
6583,literary
6584,archive
6585,foundation
6586,efforts
6587,donations
6588,help
6589,see
6590,sections
6591,3
6592,4
6593,foundation
6594,web
6595,page
6596,http
6597,www
6598,pglaf
6599,org
6600,section
6601,3
6602,information
6603,project
6604,gutenberg
6605,literary
6606,archive
6607,foundation
6608,project
6609,gutenberg
6610,literary
6611,archive
6612,foundation
6613,non
6614,profit
6615,501
6616,c
6617,3
6618,educational
6619,corporation
6620,organized
6621,laws
6622,state
6623,mississippi
6624,granted
6625,tax
6626,exempt
6627,status
6628,internal
6629,revenue
6630,service
6631,foundation
6632,ein
6633,federal
6634,tax
6635,identification
6636,number
6637,64
6638,6221541
6639,501
6640,c
6641,3
6642,letter
6643,posted
6644,http
6645,pglaf
6646,org
6647,fundraising
6648,contributions
6649,project
6650,gutenberg
6651,literary
6652,archive
6653,foundation
6654,tax
6655,deductible
6656,full
6657,extent
6658,permitted
6659,u
6660,federal
6661,laws
6662,state
6663,laws
6664,foundation
6665,principal
6666,office
6667,located
6668,4557
6669,melan
6670,dr
6671,fairbanks
6672,ak
6673,99712
6674,volunteers
6675,employees
6676,scattered
6677,throughout
6678,numerous
6679,locations
6680,business
6681,office
6682,located
6683,809
6684,north
6685,1500
6686,west
6687,salt
6688,lake
6689,city
6690,ut
6691,84116
6692,801
6693,596
6694,1887
6695,email
6696,business
6697,pglaf
6698,org
6699,email
6700,contact
6701,links
6702,date
6703,contact
6704,information
6705,found
6706,foundation
6707,web
6708,site
6709,official
6710,page
6711,http
6712,pglaf
6713,org
6714,additional
6715,contact
6716,information
6717,dr
6718,gregory
6719,b
6720,newby
6721,chief
6722,executive
6723,director
6724,gbnewby
6725,pglaf
6726,org
6727,section
6728,4
6729,information
6730,donations
6731,project
6732,gutenberg
6733,literary
6734,archive
6735,foundation
6736,project
6737,gutenberg
6738,tm
6739,depends
6740,upon
6741,cannot
6742,survive
6743,without
6744,wide
6745,spread
6746,public
6747,support
6748,donations
6749,carry
6750,mission
6751,increasing
6752,number
6753,public
6754,domain
6755,licensed
6756,works
6757,freely
6758,distributed
6759,machine
6760,readable
6761,form
6762,accessible
6763,widest
6764,array
6765,equipment
6766,including
6767,outdated
6768,equipment
6769,many
6770,small
6771,donations
6772,1
6773,5
6774,000
6775,particularly
6776,important
6777,maintaining
6778,tax
6779,exempt
6780,status
6781,irs
6782,foundation
6783,committed
6784,complying
6785,laws
6786,regulating
6787,charities
6788,charitable
6789,donations
6790,50
6791,states
6792,united
6793,states
6794,compliance
6795,requirements
6796,uniform
6797,takes
6798,considerable
6799,effort
6800,much
6801,paperwork
6802,many
6803,fees
6804,meet
6805,keep
6806,requirements
6807,solicit
6808,donations
6809,locations
6810,received
6811,written
6812,confirmation
6813,compliance
6814,send
6815,donations
6816,determine
6817,status
6818,compliance
6819,particular
6820,state
6821,visit
6822,http
6823,pglaf
6824,org
6825,cannot
6826,solicit
6827,contributions
6828,states
6829,met
6830,solicitation
6831,requirements
6832,know
6833,prohibition
6834,accepting
6835,unsolicited
6836,donations
6837,donors
6838,states
6839,approach
6840,us
6841,offers
6842,donate
6843,international
6844,donations
6845,gratefully
6846,accepted
6847,cannot
6848,make
6849,statements
6850,concerning
6851,tax
6852,treatment
6853,donations
6854,received
6855,outside
6856,united
6857,states
6858,u
6859,laws
6860,alone
6861,swamp
6862,small
6863,staff
6864,please
6865,check
6866,project
6867,gutenberg
6868,web
6869,pages
6870,current
6871,donation
6872,methods
6873,addresses
6874,donations
6875,accepted
6876,number
6877,ways
6878,including
6879,checks
6880,online
6881,payments
6882,credit
6883,card
6884,donations
6885,donate
6886,please
6887,visit
6888,http
6889,pglaf
6890,org
6891,donate
6892,section
6893,5
6894,general
6895,information
6896,project
6897,gutenberg
6898,tm
6899,electronic
6900,works
6901,professor
6902,michael
6903,hart
6904,originator
6905,project
6906,gutenberg
6907,tm
6908,concept
6909,library
6910,electronic
6911,works
6912,could
6913,freely
6914,shared
6915,anyone
6916,thirty
6917,years
6918,produced
6919,distributed
6920,project
6921,gutenberg
6922,tm
6923,ebooks
6924,loose
6925,network
6926,volunteer
6927,support
6928,project
6929,gutenberg
6930,tm
6931,ebooks
6932,often
6933,created
6934,several
6935,printed
6936,editions
6937,confirmed
6938,public
6939,domain
6940,u
6941,unless
6942,copyright
6943,notice
6944,included
6945,thus
6946,necessarily
6947,keep
6948,ebooks
6949,compliance
6950,particular
6951,paper
6952,edition
6953,people
6954,start
6955,web
6956,site
6957,main
6958,pg
6959,search
6960,facility
6961,http
6962,www
6963,gutenberg
6964,org
6965,web
6966,site
6967,includes
6968,information
6969,project
6970,gutenberg
6971,tm
6972,including
6973,make
6974,donations
6975,project
6976,gutenberg
6977,literary
6978,archive
6979,foundation
6980,help
6981,produce
6982,new
6983,ebooks
6984,subscribe
6985,email
6986,newsletter
6987,hear
6988,new
6989,ebooks
